{
    "clk_period": 0.8,
    "comment": null,
    "cycles": 21836848,
    "dynamic_power_mw": 19.4769,
    "end_t_ns": 21836896.04,
    "hit_rate": 0.1246456103101831,
    "leakage_power_mw": 23.2833,
    "mtime_area": 1489467444.0,
    "mtime_power": 1489467454.0,
    "mtime_simv": 1489468110.0,
    "performance": 26.166449029283267,
    "pipes_box": 3,
    "pipes_hash": 2,
    "pipes_iter": 1,
    "pipes_samp": 2,
    "run": "baseline",
    "rundate": "Mar 13 21:57 2017",
    "runtime": 1489467420.0,
    "sample_hits": 2617845,
    "sample_tests": 21002304,
    "slack": 0.0,
    "test_vector": "../vect/vec_271_01_sv.dat",
    "timing_met": true,
    "total_area_mm": 0.031180464276,
    "total_area_um": 31180.464276,
    "total_power_mw": 42.7602,
    "upoly": 834538,
    "user": "lenius"
}