{
    "clk_period": 0.8,
    "comment": null,
    "cycles": 11611931,
    "dynamic_power_mw": 17.543,
    "end_t_ns": 11611979.04,
    "hit_rate": 0.24290216049119245,
    "leakage_power_mw": 19.1358,
    "mtime_area": 1489800777.0,
    "mtime_power": 1489800786.0,
    "mtime_simv": 1489800553.0,
    "performance": 13.914260393175624,
    "pipes_box": 3,
    "pipes_hash": 2,
    "pipes_iter": 1,
    "pipes_samp": 2,
    "run": "reduced_prec_backside",
    "rundate": "Mar 17 18:23 2017",
    "runtime": 1489800180.0,
    "sample_hits": 2617845,
    "sample_tests": 10777364,
    "slack": 0.0,
    "test_vector": "../vect/vec_271_01_sv.dat",
    "timing_met": true,
    "total_area_mm": 0.026630931875,
    "total_area_um": 26630.931875,
    "total_power_mw": 36.678799999999995,
    "upoly": 834538,
    "user": "lenius"
}