{
    "clk_period": 0.8,
    "comment": null,
    "cycles": 144082,
    "dynamic_power_mw": 16.0418,
    "end_t_ns": 144130.03999999998,
    "hit_rate": 0.49116082711883235,
    "leakage_power_mw": 15.2074,
    "mtime_area": 1489725793.0,
    "mtime_power": 1489725801.0,
    "mtime_simv": 1489725578.0,
    "performance": 7585.791578947367,
    "pipes_box": 3,
    "pipes_hash": 2,
    "pipes_iter": 1,
    "pipes_samp": 2,
    "run": "resolution_16",
    "rundate": "Mar 16 21:39 2017",
    "runtime": 1489725540.0,
    "sample_hits": 70736,
    "sample_tests": 144018,
    "slack": 0.0,
    "test_vector": "tests/sample_test.dat",
    "timing_met": true,
    "total_area_mm": 0.022677631498999998,
    "total_area_um": 22677.631499,
    "total_power_mw": 31.2492,
    "upoly": 19,
    "user": "lenius"
}