{
    "clk_period": 0.8,
    "comment": null,
    "cycles": 11611931,
    "dynamic_power_mw": 16.0548,
    "end_t_ns": 11611979.04,
    "hit_rate": 0.24290216049119245,
    "leakage_power_mw": 18.4709,
    "mtime_area": 1489918747.0,
    "mtime_power": 1489918756.0,
    "mtime_simv": 1489919264.0,
    "performance": 13.914260393175624,
    "pipes_box": 3,
    "pipes_hash": 2,
    "pipes_iter": 1,
    "pipes_samp": 2,
    "run": "reduced_precision_17_21_backside",
    "rundate": "Mar 19 03:21 2017",
    "runtime": 1489918860.0,
    "sample_hits": 2617845,
    "sample_tests": 10777364,
    "slack": 0.0,
    "test_vector": "../vect/vec_271_01_sv.dat",
    "timing_met": true,
    "total_area_mm": 0.025341977062,
    "total_area_um": 25341.977062,
    "total_power_mw": 34.5257,
    "upoly": 834538,
    "user": "lenius"
}